{
	"YMIN":1999,
	"YMAX":2022,
	"levels":["Topics", "Subtopics"],
	"Nbc":1428,
	"Q":[0.403,0.324],
	"ncom":[12, 40],
	"TOPmaxNodeSize":219,
	"TOPmaxLinkWeight":0.004854,
	"TOPWrange":[-6,-2.31,-6],
	"TOPshowthr":1.05,
	"TOPforce":[0.2,-1000,25],
	"TOPpositions":[[1,275.6,383], [6,528.4,365], [8,323.6,486.1], [2,351.7,420.2], [3,301.2,317.1], [4,357.8,340.2], [7,444.2,433.2], [5,423.9,287.3], [9,226.5,283.1], [100000,328.5,370.6], [200000,384.3,387.7], [10,355.2,216.1]],
	"SUBmaxNodeSize":57,
	"SUBmaxLinkWeight":0.031826,
	"SUBWrange":[-6,-1.50,-4.50],
	"SUBshowthr":1.1,
	"SUBforce":[0.5,-500,20],
	"SUBpositions":[[1003,3.27,2.61],[1002,0.14,11.67],[1001,6.08,19.20],[1000,15.62,18.27],[1004,12.58,0.34],[1005,19.52,6.95],[6003,1.65,15.51],[6000,19.04,5.72],[6004,0.85,5.95],[8002,0.65,6.44],[8000,10.66,19.98],[8003,7.94,0.21],[8004,17.12,2.98],[8005,19.75,12.20],[8001,1.96,15.94],[2003,12.33,0.27],[2001,0.19,11.93],[2004,19.44,6.70],[2000,6.33,19.30],[3000,0.24,12.19],[3002,12.07,0.22],[3003,19.35,6.45],[3004,18.04,15.95],[4001,11.81,0.16],[4000,2.70,3.16],[4003,18.19,15.74],[4002,19.25,6.21],[7000,18.62,15.07],[7002,1.80,15.73],[7003,0.75,6.20],[7001,10.39,19.99],[7004,8.20,0.16],[5000,11.55,0.12],[5001,19.15,5.96],[5003,9.86,20.00],[9001,0.56,6.69],[9000,2.12,16.15],[100002,13.83,0.76],[100001,4.30,1.78],[200001,15.99,18.01]]
}